{
    "CricketShot": {
        "precision": 0.8571428571428571,
        "recall": 0.9795918367346939,
        "f1-score": 0.9142857142857143,
        "support": 49
    },
    "PlayingCello": {
        "precision": 1.0,
        "recall": 0.9772727272727273,
        "f1-score": 0.9885057471264368,
        "support": 44
    },
    "Punch": {
        "precision": 0.9705882352941176,
        "recall": 0.8461538461538461,
        "f1-score": 0.9041095890410958,
        "support": 39
    },
    "ShavingBeard": {
        "precision": 0.9772727272727273,
        "recall": 1.0,
        "f1-score": 0.9885057471264368,
        "support": 43
    },
    "TennisSwing": {
        "precision": 0.9574468085106383,
        "recall": 0.9183673469387755,
        "f1-score": 0.9375000000000001,
        "support": 49
    },
    "accuracy": 0.9464285714285714,
    "macro avg": {
        "precision": 0.952490125644068,
        "recall": 0.9442771514200086,
        "f1-score": 0.9465813595159368,
        "support": 224
    },
    "weighted avg": {
        "precision": 0.9499578663670497,
        "recall": 0.9464285714285714,
        "f1-score": 0.9464186338062621,
        "support": 224
    }
}