{
    "CricketShot": {
        "precision": 0.9333333333333333,
        "recall": 1.0,
        "f1-score": 0.9655172413793104,
        "support": 28
    },
    "PlayingCello": {
        "precision": 1.0,
        "recall": 0.8,
        "f1-score": 0.888888888888889,
        "support": 25
    },
    "Punch": {
        "precision": 0.7272727272727273,
        "recall": 0.8888888888888888,
        "f1-score": 0.7999999999999999,
        "support": 18
    },
    "ShavingBeard": {
        "precision": 0.9565217391304348,
        "recall": 1.0,
        "f1-score": 0.9777777777777777,
        "support": 22
    },
    "TennisSwing": {
        "precision": 1.0,
        "recall": 0.9285714285714286,
        "f1-score": 0.962962962962963,
        "support": 28
    },
    "accuracy": 0.9256198347107438,
    "macro avg": {
        "precision": 0.9234255599472991,
        "recall": 0.9234920634920636,
        "f1-score": 0.9190293742017881,
        "support": 121
    },
    "weighted avg": {
        "precision": 0.9360968651662147,
        "recall": 0.9256198347107438,
        "f1-score": 0.9267006533464214,
        "support": 121
    }
}