{
    "CricketShot": {
        "precision": 0.9642857142857143,
        "recall": 0.9642857142857143,
        "f1-score": 0.9642857142857143,
        "support": 28
    },
    "PlayingCello": {
        "precision": 1.0,
        "recall": 1.0,
        "f1-score": 1.0,
        "support": 25
    },
    "Punch": {
        "precision": 0.6666666666666666,
        "recall": 0.7777777777777778,
        "f1-score": 0.717948717948718,
        "support": 18
    },
    "ShavingBeard": {
        "precision": 0.88,
        "recall": 1.0,
        "f1-score": 0.9361702127659575,
        "support": 22
    },
    "TennisSwing": {
        "precision": 0.9545454545454546,
        "recall": 0.75,
        "f1-score": 0.84,
        "support": 28
    },
    "accuracy": 0.9008264462809917,
    "macro avg": {
        "precision": 0.8930995670995671,
        "recall": 0.8984126984126984,
        "f1-score": 0.891680929000078,
        "support": 121
    },
    "weighted avg": {
        "precision": 0.9098121712997747,
        "recall": 0.9008264462809917,
        "f1-score": 0.901147285982876,
        "support": 121
    }
}