{
    "CricketShot": {
        "precision": 0.9032258064516129,
        "recall": 1.0,
        "f1-score": 0.9491525423728813,
        "support": 28
    },
    "PlayingCello": {
        "precision": 1.0,
        "recall": 0.72,
        "f1-score": 0.8372093023255813,
        "support": 25
    },
    "Punch": {
        "precision": 0.7142857142857143,
        "recall": 0.8333333333333334,
        "f1-score": 0.7692307692307692,
        "support": 18
    },
    "ShavingBeard": {
        "precision": 1.0,
        "recall": 1.0,
        "f1-score": 1.0,
        "support": 22
    },
    "TennisSwing": {
        "precision": 0.9655172413793104,
        "recall": 1.0,
        "f1-score": 0.9824561403508771,
        "support": 28
    },
    "accuracy": 0.9173553719008265,
    "macro avg": {
        "precision": 0.9166057524233275,
        "recall": 0.9106666666666665,
        "f1-score": 0.9076097508560217,
        "support": 121
    },
    "weighted avg": {
        "precision": 0.9271235388132951,
        "recall": 0.9173553719008265,
        "f1-score": 0.9162101613269307,
        "support": 121
    }
}