{
    "CricketShot": {
        "precision": 0.9565217391304348,
        "recall": 0.7857142857142857,
        "f1-score": 0.8627450980392156,
        "support": 28
    },
    "PlayingCello": {
        "precision": 1.0,
        "recall": 0.92,
        "f1-score": 0.9583333333333334,
        "support": 25
    },
    "Punch": {
        "precision": 0.8888888888888888,
        "recall": 0.8888888888888888,
        "f1-score": 0.8888888888888888,
        "support": 18
    },
    "ShavingBeard": {
        "precision": 1.0,
        "recall": 1.0,
        "f1-score": 1.0,
        "support": 22
    },
    "TennisSwing": {
        "precision": 0.8,
        "recall": 1.0,
        "f1-score": 0.888888888888889,
        "support": 28
    },
    "accuracy": 0.9173553719008265,
    "macro avg": {
        "precision": 0.9290821256038647,
        "recall": 0.9189206349206349,
        "f1-score": 0.9197712418300654,
        "support": 121
    },
    "weighted avg": {
        "precision": 0.9271289974847288,
        "recall": 0.9173553719008265,
        "f1-score": 0.9173891319613245,
        "support": 121
    }
}