{
    "CricketShot": {
        "precision": 1.0,
        "recall": 1.0,
        "f1-score": 1.0,
        "support": 28
    },
    "PlayingCello": {
        "precision": 0.8333333333333334,
        "recall": 0.8,
        "f1-score": 0.816326530612245,
        "support": 25
    },
    "Punch": {
        "precision": 0.7619047619047619,
        "recall": 0.8888888888888888,
        "f1-score": 0.8205128205128205,
        "support": 18
    },
    "ShavingBeard": {
        "precision": 0.9166666666666666,
        "recall": 1.0,
        "f1-score": 0.9565217391304348,
        "support": 22
    },
    "TennisSwing": {
        "precision": 0.9583333333333334,
        "recall": 0.8214285714285714,
        "f1-score": 0.8846153846153847,
        "support": 28
    },
    "accuracy": 0.9008264462809917,
    "macro avg": {
        "precision": 0.894047619047619,
        "recall": 0.902063492063492,
        "f1-score": 0.895595294974177,
        "support": 121
    },
    "weighted avg": {
        "precision": 0.9053522235340419,
        "recall": 0.9008264462809917,
        "f1-score": 0.900744653426754,
        "support": 121
    }
}