{
    "Dense Urban Fabric": {
        "precision": 0.8821989528795812,
        "recall": 0.723175965665236,
        "f1-score": 0.7948113207547169,
        "support": 466
    },
    "Mineral Extraction Sites": {
        "precision": 0.9659090909090909,
        "recall": 0.8947368421052632,
        "f1-score": 0.9289617486338798,
        "support": 95
    },
    "Non Irrigated Arable Land": {
        "precision": 0.8895348837209303,
        "recall": 0.8742857142857143,
        "f1-score": 0.8818443804034583,
        "support": 350
    },
    "Fruit Trees": {
        "precision": 0.9512195121951219,
        "recall": 0.5909090909090909,
        "f1-score": 0.7289719626168225,
        "support": 66
    },
    "Olive Groves": {
        "precision": 0.9133858267716536,
        "recall": 0.8778378378378379,
        "f1-score": 0.8952590959206174,
        "support": 925
    },
    "Broad-leaved Forest": {
        "precision": 0.8571428571428571,
        "recall": 0.6363636363636364,
        "f1-score": 0.7304347826086957,
        "support": 66
    },
    "Coniferous Forest": {
        "precision": 0.9437229437229437,
        "recall": 0.8288973384030418,
        "f1-score": 0.8825910931174088,
        "support": 263
    },
    "Mixed Forest": {
        "precision": 0.7482517482517482,
        "recall": 0.6837060702875399,
        "f1-score": 0.7145242070116862,
        "support": 313
    },
    "Dense Sclerophyllous Vegetation": {
        "precision": 0.8772321428571429,
        "recall": 0.9100733307603242,
        "f1-score": 0.893351013449517,
        "support": 2591
    },
    "Sparce Sclerophyllous Vegetation": {
        "precision": 0.895126050420168,
        "recall": 0.9360281195079087,
        "f1-score": 0.9151202749140894,
        "support": 2845
    },
    "Sparce Vegetated Areas": {
        "precision": 0.9063444108761329,
        "recall": 0.9036144578313253,
        "f1-score": 0.9049773755656108,
        "support": 664
    },
    "Rocks and Sand": {
        "precision": 0.9333333333333333,
        "recall": 0.9637681159420289,
        "f1-score": 0.9483065953654188,
        "support": 276
    },
    "Water": {
        "precision": 0.9942987457240593,
        "recall": 0.9988545246277205,
        "f1-score": 0.9965714285714287,
        "support": 873
    },
    "Coastal Water": {
        "precision": 0.9961832061068703,
        "recall": 0.981203007518797,
        "f1-score": 0.9886363636363636,
        "support": 266
    },
    "accuracy": 0.901978327865593,
    "macro avg": {
        "precision": 0.9109916932079738,
        "recall": 0.8431038608603904,
        "f1-score": 0.871740117326408,
        "support": 10059
    },
    "weighted avg": {
        "precision": 0.9019585788621245,
        "recall": 0.901978327865593,
        "f1-score": 0.9008145345932947,
        "support": 10059
    }
}